status,model_class,model_variant,scope,organism,drug,site,raw_auc,centered_auc,pairwise_accuracy,matched_retention,n_total,n_r,n_matched,n_matched_r,valid_strata,adequacy_label,interpretation,source_path,notes
complete,CNN/Mega,multi-task CNN,E. coli expanded panel,Escherichia coli,Amoxicillin-Clavulanic acid,A-2018,0.650000,0.541000,,0.922000,,,1261,,14,interpretable,Survives background matching,outputs/analysis_outputs/background_matched_transfer_audit_figure_table.csv,
complete,CNN/Mega,multi-task CNN,E. coli expanded panel,Escherichia coli,Amoxicillin-Clavulanic acid,DRIAMS-B,0.694000,0.576000,,0.621000,,,123,,1,interpretable,Weak or uncertain residual signal,outputs/analysis_outputs/background_matched_transfer_audit_figure_table.csv,
complete,CNN/Mega,multi-task CNN,E. coli expanded panel,Escherichia coli,Amoxicillin-Clavulanic acid,DRIAMS-C,0.535000,0.497000,,0.892000,,,805,,10,interpretable,Collapses to chance after matching,outputs/analysis_outputs/background_matched_transfer_audit_figure_table.csv,
complete,CNN/Mega,multi-task CNN,E. coli expanded panel,Escherichia coli,Amoxicillin-Clavulanic acid,DRIAMS-D,0.557000,0.486000,,0.974000,,,1943,,11,interpretable,Collapses to chance after matching,outputs/analysis_outputs/background_matched_transfer_audit_figure_table.csv,
complete,LightGBM,multi-task,E. coli expanded panel,Escherichia coli,Amoxicillin-Clavulanic acid,A-2018,0.634714,0.482051,0.536279,0.922458,1367,383,1261,313,14,interpretable,,outputs/analysis_outputs/ecoli_lgbm_multi_background_audit/background_matched_audit_summary.csv,
complete,LightGBM,multi-task,E. coli expanded panel,Escherichia coli,Amoxicillin-Clavulanic acid,DRIAMS-B,0.748714,0.641547,0.641547,0.621212,198,61,123,14,1,interpretable,,outputs/analysis_outputs/ecoli_lgbm_multi_background_audit/background_matched_audit_summary.csv,
complete,LightGBM,multi-task,E. coli expanded panel,Escherichia coli,Amoxicillin-Clavulanic acid,DRIAMS-C,0.592857,0.518381,0.541098,0.892461,902,230,805,181,10,interpretable,,outputs/analysis_outputs/ecoli_lgbm_multi_background_audit/background_matched_audit_summary.csv,
complete,LightGBM,multi-task,E. coli expanded panel,Escherichia coli,Amoxicillin-Clavulanic acid,DRIAMS-D,0.579899,0.449139,0.485805,0.974423,1994,332,1943,309,11,interpretable,,outputs/analysis_outputs/ecoli_lgbm_multi_background_audit/background_matched_audit_summary.csv,
complete,LightGBM,single-task,E. coli expanded panel,Escherichia coli,Amoxicillin-Clavulanic acid,A-2018,0.613805,0.465149,0.538160,0.922458,1367,383,1261,313,14,interpretable,background_driven_collapse,outputs/analysis_outputs/ecoli_lgbm_single_background_audit/background_matched_audit_summary.csv,
complete,LightGBM,single-task,E. coli expanded panel,Escherichia coli,Amoxicillin-Clavulanic acid,DRIAMS-B,0.603686,0.451507,0.451507,0.621212,198,61,123,14,1,interpretable,background_driven_collapse,outputs/analysis_outputs/ecoli_lgbm_single_background_audit/background_matched_audit_summary.csv,
complete,LightGBM,single-task,E. coli expanded panel,Escherichia coli,Amoxicillin-Clavulanic acid,DRIAMS-C,0.559045,0.532529,0.547692,0.892461,902,230,805,181,10,interpretable,weak_raw_signal,outputs/analysis_outputs/ecoli_lgbm_single_background_audit/background_matched_audit_summary.csv,
complete,LightGBM,single-task,E. coli expanded panel,Escherichia coli,Amoxicillin-Clavulanic acid,DRIAMS-D,0.559239,0.486938,0.515887,0.974423,1994,332,1943,309,11,interpretable,weak_raw_signal,outputs/analysis_outputs/ecoli_lgbm_single_background_audit/background_matched_audit_summary.csv,
complete,CNN/Mega,multi-task CNN,E. coli expanded panel,Escherichia coli,Ciprofloxacin,A-2018,0.823000,0.703000,,0.619000,,,836,,9,interpretable,Survives background matching,outputs/analysis_outputs/background_matched_transfer_audit_figure_table.csv,
complete,CNN/Mega,multi-task CNN,E. coli expanded panel,Escherichia coli,Ciprofloxacin,DRIAMS-B,0.774000,0.860000,,0.118000,,,25,,1,caution_low_n_matched,"Suggestive residual signal, low support",outputs/analysis_outputs/background_matched_transfer_audit_figure_table.csv,
complete,CNN/Mega,multi-task CNN,E. coli expanded panel,Escherichia coli,Ciprofloxacin,DRIAMS-C,0.750000,0.646000,,0.476000,,,422,,4,interpretable,Survives background matching,outputs/analysis_outputs/background_matched_transfer_audit_figure_table.csv,
complete,CNN/Mega,multi-task CNN,E. coli expanded panel,Escherichia coli,Ciprofloxacin,DRIAMS-D,0.671000,0.596000,,0.984000,,,1908,,10,interpretable,Survives background matching,outputs/analysis_outputs/background_matched_transfer_audit_figure_table.csv,
complete,LightGBM,multi-task,E. coli expanded panel,Escherichia coli,Ciprofloxacin,A-2018,0.827999,0.640118,0.768678,0.619259,1350,355,836,213,9,interpretable,,outputs/analysis_outputs/ecoli_lgbm_multi_background_audit/background_matched_audit_summary.csv,
complete,LightGBM,multi-task,E. coli expanded panel,Escherichia coli,Ciprofloxacin,DRIAMS-B,0.815831,0.510000,0.510000,0.117925,212,58,25,20,1,caution_low_n_matched,,outputs/analysis_outputs/ecoli_lgbm_multi_background_audit/background_matched_audit_summary.csv,
complete,LightGBM,multi-task,E. coli expanded panel,Escherichia coli,Ciprofloxacin,DRIAMS-C,0.813563,0.636501,0.733214,0.476298,886,188,422,65,4,interpretable,,outputs/analysis_outputs/ecoli_lgbm_multi_background_audit/background_matched_audit_summary.csv,
complete,LightGBM,multi-task,E. coli expanded panel,Escherichia coli,Ciprofloxacin,DRIAMS-D,0.722688,0.576104,0.687916,0.984012,1939,371,1908,354,10,interpretable,,outputs/analysis_outputs/ecoli_lgbm_multi_background_audit/background_matched_audit_summary.csv,
complete,LightGBM,single-task,E. coli expanded panel,Escherichia coli,Ciprofloxacin,A-2018,0.827574,0.652469,0.782301,0.619259,1350,355,836,213,9,interpretable,focal_signal_retained,outputs/analysis_outputs/ecoli_lgbm_single_background_audit/background_matched_audit_summary.csv,
complete,LightGBM,single-task,E. coli expanded panel,Escherichia coli,Ciprofloxacin,DRIAMS-B,0.815159,0.800000,0.800000,0.117925,212,58,25,20,1,caution_low_n_matched,caution_low_matched_support,outputs/analysis_outputs/ecoli_lgbm_single_background_audit/background_matched_audit_summary.csv,
complete,LightGBM,single-task,E. coli expanded panel,Escherichia coli,Ciprofloxacin,DRIAMS-C,0.804403,0.682482,0.755457,0.476298,886,188,422,65,4,interpretable,focal_signal_retained,outputs/analysis_outputs/ecoli_lgbm_single_background_audit/background_matched_audit_summary.csv,
complete,LightGBM,single-task,E. coli expanded panel,Escherichia coli,Ciprofloxacin,DRIAMS-D,0.712116,0.591114,0.655703,0.984012,1939,371,1908,354,10,interpretable,partially_retained_or_uncertain,outputs/analysis_outputs/ecoli_lgbm_single_background_audit/background_matched_audit_summary.csv,
complete,CNN/Mega,multi-task CNN,S. aureus/Oxacillin panel,Staphylococcus aureus,Oxacillin,A-2018,0.838238,0.762878,0.769511,0.600816,1225,178,736,155,9,interpretable,focal_signal_retained,outputs/analysis_outputs/saureus_panel_oxa_background_audit/background_matched_audit_summary.csv,
complete,CNN/Mega,multi-task CNN,S. aureus/Oxacillin panel,Staphylococcus aureus,Oxacillin,DRIAMS-B,0.775238,0.863636,0.863636,0.526012,346,21,182,6,1,interpretable,focal_signal_retained,outputs/analysis_outputs/saureus_panel_oxa_background_audit/background_matched_audit_summary.csv,
complete,CNN/Mega,multi-task CNN,S. aureus/Oxacillin panel,Staphylococcus aureus,Oxacillin,DRIAMS-C,0.725199,0.699471,0.719428,0.596206,738,41,440,29,2,interpretable,focal_signal_retained,outputs/analysis_outputs/saureus_panel_oxa_background_audit/background_matched_audit_summary.csv,
complete,LightGBM,multi-task,S. aureus/Oxacillin panel,Staphylococcus aureus,Oxacillin,A-2018,0.794721,0.690489,0.690221,0.600816,1225,178,736,155,9,interpretable,focal_signal_retained,outputs/analysis_outputs/saureus_lgbm_multi_oxa_background_audit/background_matched_audit_summary.csv,
complete,LightGBM,multi-task,S. aureus/Oxacillin panel,Staphylococcus aureus,Oxacillin,DRIAMS-B,0.774799,0.811553,0.811553,0.526012,346,21,182,6,1,interpretable,focal_signal_retained,outputs/analysis_outputs/saureus_lgbm_multi_oxa_background_audit/background_matched_audit_summary.csv,
complete,LightGBM,multi-task,S. aureus/Oxacillin panel,Staphylococcus aureus,Oxacillin,DRIAMS-C,0.655772,0.622116,0.658681,0.596206,738,41,440,29,2,interpretable,focal_signal_retained,outputs/analysis_outputs/saureus_lgbm_multi_oxa_background_audit/background_matched_audit_summary.csv,
complete,LightGBM,single-task,S. aureus/Oxacillin panel,Staphylococcus aureus,Oxacillin,A-2018,0.839466,0.730665,0.791031,0.600816,1225,178,736,155,9,interpretable,focal_signal_retained,outputs/analysis_outputs/saureus_lgbm_single_oxa_background_audit/background_matched_audit_summary.csv,
complete,LightGBM,single-task,S. aureus/Oxacillin panel,Staphylococcus aureus,Oxacillin,DRIAMS-B,0.824762,0.871212,0.871212,0.526012,346,21,182,6,1,interpretable,focal_signal_retained,outputs/analysis_outputs/saureus_lgbm_single_oxa_background_audit/background_matched_audit_summary.csv,
complete,LightGBM,single-task,S. aureus/Oxacillin panel,Staphylococcus aureus,Oxacillin,DRIAMS-C,0.717640,0.733367,0.762802,0.596206,738,41,440,29,2,interpretable,focal_signal_retained,outputs/analysis_outputs/saureus_lgbm_single_oxa_background_audit/background_matched_audit_summary.csv,
complete,Weis LR,official published workflow,Weis official panel only,Escherichia coli,Ceftriaxone,DRIAMS-B,0.705882,0.705882,0.705882,1,43,9,43,9,1,caution_low_n_matched,caution_low_matched_support,outputs/analysis_outputs/weis_lr_official_panel_parity/audit_summaries/ecoli_ceftriaxone_background_matched_audit_summary.csv,Published-workflow compatibility evidence; not the expanded E. coli panel.
complete,Weis LR,official published workflow,Weis official panel only,Escherichia coli,Ceftriaxone,DRIAMS-C,0.693506,0.693506,0.693506,1,184,30,184,30,1,interpretable,focal_signal_retained,outputs/analysis_outputs/weis_lr_official_panel_parity/audit_summaries/ecoli_ceftriaxone_background_matched_audit_summary.csv,Published-workflow compatibility evidence; not the expanded E. coli panel.
complete,Weis LR,official published workflow,Weis official panel only,Escherichia coli,Ceftriaxone,DRIAMS-D,0.673050,0.673050,0.673050,1,399,40,399,40,1,interpretable,focal_signal_retained,outputs/analysis_outputs/weis_lr_official_panel_parity/audit_summaries/ecoli_ceftriaxone_background_matched_audit_summary.csv,Published-workflow compatibility evidence; not the expanded E. coli panel.
complete,Weis LR,official published workflow,Weis official panel only,Klebsiella pneumoniae,Ceftriaxone,DRIAMS-B,0.509259,0.509259,0.509259,1,31,4,31,4,1,caution_low_n_matched,caution_low_matched_support,outputs/analysis_outputs/weis_lr_official_panel_parity/audit_summaries/klebsiella_ceftriaxone_background_matched_audit_summary.csv,Published-workflow compatibility evidence.
complete,Weis LR,official published workflow,Weis official panel only,Klebsiella pneumoniae,Ceftriaxone,DRIAMS-C,0.672439,0.672439,0.672439,1,74,11,74,11,1,caution_low_n_matched,caution_low_matched_support,outputs/analysis_outputs/weis_lr_official_panel_parity/audit_summaries/klebsiella_ceftriaxone_background_matched_audit_summary.csv,Published-workflow compatibility evidence.
complete,Weis LR,official published workflow,Weis official panel only,Klebsiella pneumoniae,Ceftriaxone,DRIAMS-D,0.596256,0.596256,0.596256,1,431,25,431,25,1,interpretable,weak_raw_signal,outputs/analysis_outputs/weis_lr_official_panel_parity/audit_summaries/klebsiella_ceftriaxone_background_matched_audit_summary.csv,Published-workflow compatibility evidence.
complete,Weis LR,official published workflow,Weis official panel only,Staphylococcus aureus,Oxacillin,DRIAMS-B,0.666667,0.666667,0.666667,1,70,4,70,4,1,caution_low_n_matched,caution_low_matched_support,outputs/analysis_outputs/weis_lr_official_panel_parity/audit_summaries/saureus_oxacillin_background_matched_audit_summary.csv,Separate from the CNN/Mega S. aureus panel; weak DRIAMS-C raw signal.
complete,Weis LR,official published workflow,Weis official panel only,Staphylococcus aureus,Oxacillin,DRIAMS-C,0.542857,0.542857,0.542857,1,148,8,148,8,1,interpretable,weak_raw_signal,outputs/analysis_outputs/weis_lr_official_panel_parity/audit_summaries/saureus_oxacillin_background_matched_audit_summary.csv,Separate from the CNN/Mega S. aureus panel; weak DRIAMS-C raw signal.
